<?xml version="1.0" encoding="UTF-8"?>
<project-private xmlns="http://www.netbeans.org/ns/project-private/1">
    <editor-bookmarks xmlns="http://www.netbeans.org/ns/editor-bookmarks/2" lastBookmarkId="0"/>
    <open-files xmlns="http://www.netbeans.org/ns/projectui-open-files/2">
        <group>
            <file>file:/C:/Users/Thomas/Documents/Hausubungen/hue2/src/hue2/BSP4/CalculatorMain.java</file>
            <file>file:/C:/Users/Thomas/Documents/Hausubungen/hue2/src/hue2/BSP4/VectorCalculator.java</file>
            <file>file:/C:/Users/Thomas/Documents/Hausubungen/hue2/src/hue2/BSP4/AbstractCalculator.java</file>
            <file>file:/C:/Users/Thomas/Documents/Hausubungen/hue2/src/hue2/BSP4/ComplexCalculator.java</file>
            <file>file:/C:/Users/Thomas/Documents/Hausubungen/hue2/src/hue2/BSP4/RationalCalculator.java</file>
        </group>
    </open-files>
</project-private>
